view,time
HomePage,1732701983263
CoreJournal,1732701986817
EBook,1732701990922
LibThesis,1732701991414
CommonApp,1732701991797
Copyright,1732701992980
BookBorrow,1732701999866
InfoTeaching,1732702002351
LibIntro,1732702003301
CoreJournal,1732702009993
BookBorrow,1732702016039
SeatReserve,1732702030430
FloorSelect,1732702040567
TimeSelect,1732702076462
SeatSelect,1732702086727
TimeSelect,1732702087535
FloorSelect,1732702092764
LibIntro,1732702094087
LeaderSpeech,1732702094890
LibRule,1732702095419
ServiceTime,1732702095971
ServiceOverview,1732702096447
ServiceTime,1732702098888
ServiceOverview,1732702101710
LibLayout,1732702113513
CoreJournal,1732702114096
BookBorrow,1732702115360
SeatReserve,1732702116453
FloorSelect,1732702118135
TimeSelect,1732702121029
SeatSelect,1732702189324
InfoConfirm,1732702201575
